"","V1","V2","V3","V4","V5","V6","V7","V8","V9","V10","V11","V12","V13","V14","V15","V16","V17","V18","V19","V20","V21","V22","V23","V24","V25","V26","V27","V28","V29","V30","V31","V32","V33","V34","V35","V36","V37","V38","V39","V40","V41","V42","V43","V44","V45"
"1",1.58160439838131,0.00126739041733593,0.331730500977453,1.6548150771924,0.0012002603250091,0.356140027119687,2.35860316273589,0.0143503543331857,28.2959569167588,1.48676178781124,0.000513394165062461,0.311480562166823,1.52791941510069,0.000887839131869403,0.360563908686075,1.55618352323919,0.00127875653054847,0.361821577657675,1.53119482835452,0,0.01,1.54685026465794,0.0013382639486069,0.274265148415205,1.55295238794164,0.00130249738981254,0.326083562317245,1.62910485281994,7.23518760964391,14.3481119754292,1.48676178781124,0.000513394165062461,0.311480562166823,1.65560557948841,0.000814970084854382,0.351550537255139,1.52791941510069,0.000887839131869403,0.360563908686075,1.52929995641773,6.9539665118099,15.3542415314192,1.47976382206555,0.00148363312214571,0.386314261116886
"2",0.0733927030154824,0.00397528848758389,0.144884834851507,0.0703566700279345,0.00303718002318613,0.165351959867649,0.0654203345222926,59.1628369427935,23.8566643841301,0.0480060180431138,0.00640101481397039,0.238039745148453,0.070081104109771,83.0364971398851,100,0.0436517119300238,0.0029575515912075,0.208385822318627,0.0715404559085832,0.00206827859084494,0.0781101342150618,0.0699430868107478,0.00361136683019515,0.16119536312727,0.0697375659763297,0.00446507143954508,0.152365969441849,0.0774804788396573,0.00432585905826253,0.125004491369752,0.0670577256453955,0.00358083818914039,0.154305960739824,0.0739311565852728,0.00358372271879254,0.135135587274684,0.0698258448376491,0.00455014337809747,0.181060974446857,0.0879917068176527,0.00356201272674589,0.106679823994786,0.0815082384346573,125.013456435732,100
"3",0.0339584187244484,0.00122768547993629,0.856013299181119,0.0950091260720535,0.0174393928151896,1.15321346784238,0.101443922292577,0.0475239027291281,1.56525355295365,0.0950374934252768,0.0146797084237105,1.14810899585329,0.0949900186262816,0.0166026191372028,1.14383301041004,0.0950135427398768,0.0227818827009952,1.16469513246604,0.093587467697026,0.000531017673349745,0.621200375595223,0.103438030089619,0.0186106661057602,1.19872627678852,0.0990867570188724,0.0104017176036303,1.05031883564971,0.0995951864744845,0.00193378841646031,0.762427532203589,0.0339584187244484,0.00122768547993629,0.856013299181119,0.121951407139582,0.0767635904797847,1.82598057883565,0.0955827862992989,0.0128398042509649,1.11126116818105,0.104336669877826,0,0.488804491654016,0.0950085864804933,0.0255199064177537,1.17897340317226
"4",0.0736482357409195,0,0.823325897720412,0.157696307781924,0,2.13123506775776,0.0998773920833858,0,0.423866855320053,0.110788830156888,0,0.236706152318144,0.157696307781924,0,2.13123506775776,0.0998774077978739,0,0.423866556114342,0.0998770930999437,0,0.423860248307729,0.0998748492747085,0,0.423819534637734,0.0998760205273889,-2.77555756156289e-17,0.42386754845658,0.0645668491045917,0,0.01,0.0967587067036246,0,0.575237476927388,0.113610775419002,0,0.223932567807085,0.100209960004583,0,0.417760669990645,0.100209960004583,0,0.417760669990645,0.111760465522209,0,0.1266654249987
"5",0,0.847201714920149,0.01,0,0.714558130084214,0.01,0,0.836620709024306,0.01,0,0.868687322950225,0.01,0,0.816777148916228,0.01,0,0.81850529369685,0.01,0,0.544360615752466,0.01,0,0.544360615752466,0.01,0,0.774955904309758,0.01,0,0.853483722290449,0.01,0,0.931080392885261,0.01,0,0.850759712128109,0.01,0,0.690690421639071,0.01,0,0.868687322950225,0.01,0,0.861435456940282,0.01
"6",0.286581043703449,0,0.200151574953882,0.361043805325028,0,1.18942668593788,0.361043782328037,0,1.18942639704598,0.427035940229079,0.0024469906277928,0.942719534814197,0.464027724091401,0,1.55062484760138,0.361043685333879,0,1.18942374506964,0.360929363750992,0,1.18100497896538,0.362342523540527,0,1.17517322218776,0.374138140606044,0,1.31056757624613,0.252532700634107,0,2.06475352750527,0.320575038021812,0,1.13746888024707,0.374138140606044,0,1.31056757624613,0.361043958973205,0,1.189426586889,0.390616449236309,0,0.783030744915562,0.361043350948506,0,1.189421856695
"7",0.021866409465786,0.000793472018122473,2.53892843836371,0.02002442448508,0.0439323790015582,2.48396637709718,0.0211596543180587,0.00231634826380165,0.737980108478857,0.00553631852514857,4.1332173695852e-06,3.93287381421662,0.020283693021463,0.030374365310156,2.02355065616264,0.0185043183074306,0.0719628043257238,3.22238560315221,0.0207161294385791,0.0425969529511636,2.44220293219169,0.0237653128266013,0.00124987390266156,0.832707810950771,0.0217789102526416,0.00112249068427246,0.825217780568422,0.020893696726381,0.0454535268958414,2.65497497838835,0.00553631852514857,4.1332173695852e-06,3.93287381421662,0.0200112686049516,0.0441539971460424,2.48708190987722,0.0245059978125964,3.17241443937103e-05,2.43115547467285,0.0211596543180587,0.00231634826380165,0.737980108478857,0.00553631852514857,4.1332173695852e-06,3.93287381421662
"8",0.096552576457757,0.892825324514327,7.20439414739988,0.105944116361443,0.858298548719165,7.26546297672853,0.0965533900866086,0.892342699799776,7.20288642540043,0.103927295984705,0.00250329764935766,0.570905645288881,0.109134420056981,0.00224284380388838,0.554713117705783,0.105944116361443,0.858298548719165,7.26546297672853,0.0974115178701753,0.834176848117659,6.59838645824117,0.0958280486556519,1.50398885693759,9.59874070181511,0.054693161970278,0.367493143959633,4.11586436712583,0.0975382319290181,0,2.77004513511155,0.1270381542678,0.564725158809603,38.3752995687171,0.100039729547581,0.949364098091477,7.54530766825519,0.0929122625480893,15.5946973307997,62.0326595798648,0.054693161970278,0.367493143959633,4.11586436712583,0.0687851757935528,0.00110120581505923,0.534806386238872
"9",0.24922988045936,0.00545669334170505,0.596822936241316,0.251655901258947,0.00115055821666062,0.544535687350417,0.244569511136257,0.00313120305502538,0.581884013776285,0.251770395244632,0.00661208202309829,0.590276207822886,0.245361277546838,0.00386209333147251,0.560410811465113,0.251332380070813,0.00462637677848183,0.542965144099639,0.251542191054746,0.0047100091503367,0.578186368608468,0.251239927976836,0.00314063277917504,0.481974810625608,0.252372993884611,0.00395515662840889,0.558868213593813,0.242822350584155,0.00178957900917908,0.529128448318317,0.251409912036546,0.003554420873213,0.480660610265868,0.251542191054746,0.0047100091503367,0.578186368608468,0.242822350584155,0.00178957900917908,0.529128448318317,0.254492844093053,0.00629541160757061,0.611225978325871,0.277010844670657,0.0179119344277012,0.76120135794153
"10",0,1.99630414571941,0.01,0,1.72762259063533,0.01,0,1.87452307644343,0.01,0,1.81728741715716,0.01,0,1.95285832037318,0.01,0,1.92381410653653,0.01,0,2.03752236956325,0.01,0,1.88355290147783,0.01,0,1.8619798884463,0.01,0,1.87985448360852,0.01,0,2.02387620354873,0.01,0,1.5392225234963,0.01,0,1.72762259063533,0.01,0,2.0242847428147,0.01,0,1.5392225234963,0.01
"11",0.208143597150864,0.00248359589008323,0.0589778874547357,0.213336983322772,0.00151179159247284,0.0180950175299973,0.222580326452181,0.00247115273636592,0.0473982604386592,0.217960408784863,0.00221398397151156,0.0526770946357914,0.20613999835103,0.00266406810798661,0.0617194969896495,0.221269530505901,0.00218137603071718,0.0588992890406794,0.220837633899381,0.00235040029965691,0.0470058900042656,0.242675972321002,0.00171934273374524,0.0305378617998252,0.222315006372857,0.0022181917775894,0.0561182260759768,0.213609679927061,0.00159895330556603,0.0616811855125941,0.213314607428532,0.00239435950444687,0.0542301215592107,0.223651932870306,0.00229366111899346,0.0436907318667049,0.21349928148883,0.00170777722373453,0.0498998790743071,0.218206340643485,0.00241918593988877,0.0568735011728699,0.217255858919512,0.00233966794689615,0.0447385096397415
"12",0.34963109726611,0.137209608446083,0.322004495147482,0.349793454771965,5.45986605522758,4.01224156725214,0.357019859190695,0.204944200471186,0.42385255429223,0.35241468043494,0.11054392758399,0.345756389565161,0.34519056220661,140.567688386991,100,0.356977713276111,1.8597632547436,1.69066641477919,0.35435656059303,1.50842743117336,1.31117999626375,0.354565558641077,3.14669008412186,2.91909130906119,0.372147015465933,159.448742631653,100,0.376894550672319,0.00561662961291129,0.10943276906046,0.349793454771965,5.45986605522758,4.01224156725214,0.337290097881835,1.88040112707944,1.88121648945415,0.35435656059303,1.50842743117336,1.31117999626375,0.345044095362163,0.899445249086615,0.940705943343463,0.357108645569229,0.00343881927040899,0.0329117148317573
"13",0.0520684039502168,0,0.0729365527550688,0.0314553527261722,0.000218943715657513,0.588908995658388,0.0603283197725395,0.000261656665061341,0.56071889913551,0.0592321585220391,0.00153662602816529,0.570486396496765,0.0605544740282914,0,0.01,0.0592321585220391,0.00153662602816529,0.570486396496765,0.0604069718924044,0,0.0437197062629418,0.0770786686545789,0.00100119866625264,0.563133855825164,0.0639887824121626,0.000616257299963112,0.535500765625221,0.0599161179791449,0.00100374555643543,0.560713875824491,0.0520684039502168,0,0.0729365527550688,0.0588335615385286,0.000185342736582893,0.510179152227292,0.0643080710153588,0.000270932560670689,0.502470569507797,0.0592561863116466,0.00173190904792052,0.635337993842167,0.0593435374188669,0.00229274360529754,0.627733397159708
"14",0.159817438867937,0.0028835360363358,0.0376339738796725,0.125444302858841,0.0020854873598054,0.08683290558496,0.1721222773264,0.00194672751639737,0.0286956018722057,0.15083837689231,0.213740074725118,0.18863340122407,0.175168543107876,1056.71603217291,0.01,0.175168543107876,1056.71603217291,0.01,0.119701538685936,0.246321884570188,0.190925010172016,0.130972586317008,354.734401523073,0.01,0.13742926325104,420.477180692989,0.01,0.137378605814379,185.916148469509,0.01,0.140443152602823,0.308109454838043,0.108641840836575,0.127136576019034,0.00201926242211042,0.0407442918657645,0.153191422339531,0.00187534945676346,0.0628681885659566,0.175240405920515,4148.48762402845,0.01,0.1721222773264,0.00194672751639737,0.0286956018722057
"15",1.11515286177517,8.73094212453122,0.01,1.11515286177517,8.73094212453122,0.01,0.861226534249543,13058.0272127025,0.01,2.27950819358635,23.6400090217349,0.01,0.966925381809712,8.00806865175669,0.01,1.06819668707018,8.08544121282737,0.01,2.27950819358635,23.6400090217349,0.01,1.06898737967203,16345.0899654433,0.01,0.966158811183214,24921.1108322583,0.01,1.17520203365478,9.23456996410066,0.01,1.1566591217093,12.3377841619017,0.01,0.904673824985386,13631.1890896344,0.01,1.00386837673275,24258.0351313355,0.01,0.787207648850644,19496.4036006011,0.01,0.841048288101513,73294.773137563,0.01
"16",0.313270110778936,0.00249530244396763,0.734075448458765,0.224579949804221,0,0.01,0.313270110778936,0.00249530244396763,0.734075448458765,0.22170781076006,0,0.01,0.216048293117955,0,0.01,0.201673775654469,0,0.01,0.313270110778936,0.00249530244396763,0.734075448458765,0.231790369811354,0.000192273828703124,0.528465083086663,0.224579958474766,0,0.01,0.197184729110469,0,0.01,0.224578289470927,0,0.01,0.224851953929368,0.00110900037689134,0.504366121690453,0.197184729110469,0,0.01,0.216048293117955,0,0.01,0.224851953929368,0.00110900037689134,0.504366121690453
"17",0.220394515965234,0,0.0930286477099144,0.189967597495058,0,0.458018434655031,0.228110842957986,0.0013360437887236,0.490682052082528,0.220391613657938,0,0.0930239809520903,0.220393537143228,0,0.0930323355350925,0.154706658352322,0,0.716801775407891,0.250510703351649,0,0.363236880882761,0.21185279466571,0,0.01,0.310268171905903,0,0.01,0.310268171905903,0,0.01,0.29319728031432,0,0.221057682331852,0.189919002202591,0,0.0313476903842234,0.216742883385446,0,0.0432901853437154,0.29319728031432,0,0.221057682331852,0.220391613657938,0,0.0930239809520903
"18",0.088667065027053,0.00294048111012178,0.218579826995474,0.114684209788284,0.00130270005805107,0.149370850893669,0.147498464331111,0.00154740177496896,0.157853176309504,0.114684209788284,0.00130270005805107,0.149370850893669,0.138954833545891,0.00106455582181411,0.168542008325147,0.144344110679424,0.00261575682522413,0.26612471908767,0.088667065027053,0.00294048111012178,0.218579826995474,0.15490984688454,0.00166794031241963,0.13879221786545,0.129058962256706,0.00159292920856986,0.172108551852563,0.162596866123916,0.00180193038985724,0.151647356309263,0.140052881767754,0.00180203526551218,0.167287036933521,0.138953215820669,0.00180444875371121,0.170999909725132,0.140052881767754,0.00180203526551218,0.167287036933521,0.181108377680763,0.00203046315238873,0.140159646691939,0.129058962256706,0.00159292920856986,0.172108551852563
"19",0.318486268993202,0.00109450527988877,0.406345569046392,0.341420020147368,0.000475386351656442,0.382145861828223,0.330235413581505,0.000920170535062534,0.228407725632165,0.321211904245836,0.00119900607020608,0.354208262880541,0.345990173617302,0.000584810427544239,0.323618107640471,0.330235413581505,0.000920170535062534,0.228407725632165,0.330205846581159,0.00117782682121077,0.315958011716499,0.304105986709285,0.00106472058392528,0.336584770043539,0.330541211210071,0.000865319989678727,0.338101554639734,0.328013951309476,0.00091555086997455,0.320788994013923,0.360060679533643,0.0011184747580521,0.322591726231061,0.356873427674611,0.0012108214885826,0.336553244981889,0.360060679533643,0.0011184747580521,0.322591726231061,0.307387918316908,0.000567725896665857,0.331181216500604,0.350461101717624,0.00109699560930617,0.328643666556786
"20",0.428458638709066,0,0.01,0.508031641163494,11.212371198988,25.7541086630551,0.501031583590404,0,0.01,0.428458674599696,0,0.01,0.411156059251053,0,0.01,0.414400809011403,0,0.01,0.476373217033549,8.85009523597908,18.8487760276094,0.443173155600317,16.940633070582,41.1200319154434,0.501031583590404,0,0.01,0.46928851757093,10.0299555487493,20.8473948095071,0.508031641163494,11.212371198988,25.7541086630551,0.48621517976466,12.889163851119,29.3176861227619,0.428458607458345,0,0.01,0.404842722797652,0,0.01,0.411156059251053,0,0.01
"21",0.322521548699109,0,0.01,0.403740042610284,0,0.01,0.322519865792045,0,0.01,0.369993544366226,0,0.0576774250999587,0.331222444552405,0,0.01,0.328069348893071,0,0.01,0.186827354771326,0,0.701969567103946,0.186827354771326,0,0.701969567103946,0.322520104129334,0,0.01,0.291579615170738,0,0.01,0.322521511510005,0,0.01,0.30893880103864,0,0.01,0.186827354771326,0,0.701969567103946,0.331222444552405,0,0.01,0.322521081835303,0,0.01
"22",0.482394301504588,0.00269596854941149,0.440725145784241,0.436931621835246,0.00225505350122829,0.42255912212691,0.425194464434371,0.00197079528542073,0.422875704320844,0.43450920692116,0.00207081845341809,0.422250177165617,0.426255703021948,0.00326618664277779,0.460489062651791,0.438574394519802,0.0109556363139533,0.49561148708501,0.432337922102183,0.00195565730854411,0.433204836158733,0.39551017139735,7.00827118077509,21.4372371826612,0.43459643744,0.00221984493547392,0.435438804650658,0.477701100512272,0.00227077726004988,0.422842783230196,0.43734703662811,0.00202304889997616,0.421479093184654,0.39551017139735,7.00827118077509,21.4372371826612,0.440349629234865,0.00187884145222533,0.475118427083403,0.439406482303132,0.0020563670151241,0.458197787341612,0.424578309548125,0.00237496048380905,0.446309378401605
"23",0.0608033987416271,0.0010647534623212,0.223248678145688,0.0641611717018132,0.00176337678778086,0.249631949629916,0.0882041087423144,0.0012501386071103,0.176065798976763,0.0916349553182908,0.00133689452346132,0.239679571776356,0.102616910390929,0.00188910618669598,0.161653321434755,0.0919373799153925,0.00284582922806443,0.266419779517983,0.147087585550376,0.00141533883092719,0.0883153934550879,0.147087585550376,0.00141533883092719,0.0883153934550879,0.147087585550376,0.00141533883092719,0.0883153934550879,0.0657094674797719,5913.64356308844,0.01,0.109316190265907,0.00396651719365141,0.173502879828864,0.147087585550376,0.00141533883092719,0.0883153934550879,0.0902819043535687,0.00178375342797246,0.237887131984424,0.0921224538986273,0.000563648016293612,0.151424021155266,0.0900826971004582,0.00260951714473565,0.24004145564957
"24",0.130516821611324,0,1.26382444273605,0.102307187928874,0,1.70498932001471,0.0914278763588172,0,1.60999786477391,0.083794983744433,0,1.80137204710692,0.110471391562348,0.0353744686447589,2.51576370155661,0.100240408066698,0,1.71395916602384,0.09198395079635,0,2.04059863932739,0.101654809298705,0,1.70777981097369,0.101655348747385,0,1.70777320943903,0.0960007542972917,0,1.47074058712347,0.101654953010373,0,1.70777971103247,0.101654809298705,0,1.70777981097369,0.101654716683488,0,1.70781646918859,0.109658863931215,0,1.45218201757766,0.105139881644542,0,1.733261484467
"25",0.773985966322691,0,0.210685173257193,0.717816711523546,0,0.01,0.734390674905697,0,0.01,0.7229773391984,0,0.01,0.714894842201397,0,0.01,0.717816711523546,0,0.01,0.710711664100234,0,0.01,0.634817350625661,0,0.01,0.714894824333224,0,0.01,0.714894825381174,0,0.01,0.714894756841186,0,0.01,0.710711664100234,0,0.01,0.714894842201397,0,0.01,0.7229773391984,0,0.01,0.724255276380377,0,0.01
"26",1.73402603426348,29.6144436828489,19.2678649311897,1.60383979221907,17.5917951738377,8.57071369995809,1.56669783991469,15.6679740605037,7.64679326242783,1.55323347218895,14.7495105157028,9.8957104635326,1.31049559834232,18.2585145017927,13.315399046189,1.31049559834232,18.2585145017927,13.315399046189,1.4516191264096,28.3813172313424,16.1741156359456,1.48075843225804,31.5730875686247,9.40987218895523,1.52880239110136,37.1584725349261,11.4234333015606,1.57837323555662,31.5646349825416,5.50866585378566,1.46481847993091,28.5766968496667,14.7177363477175,1.53853007984747,26.442807348315,16.6081112339682,1.52501551331865,28.4521048901272,15.7877096312288,1.40605156336327,23.5950626393713,15.8514548997418,1.48075843225804,31.5730875686247,9.40987218895523
"27",0.00759837955453181,0.983895248371968,0.0209640012684362,0.00882515336868357,0.972127905247302,0.0234666208786504,0.00674260768752458,0.383202181532832,0.152808440182405,0.00769435661820275,0.253547351840874,0.172514671658426,0.00472232479821226,0.972585106234916,0.0145759670789198,0.00601046553988137,0.762679877989086,0.0172986457395687,0.00759837955453181,0.983895248371968,0.0209640012684362,0.00636859200718677,0.201769634346361,0.223382275943184,0.00801635399366645,0.344329964819682,0.149167172931089,0.00749984416750342,0.258589533069515,0.160701924909319,0.00838736292792262,1.04745214109412,0.0214274701186115,0.00817929728462238,0.984990536271058,0.0214953103528865,0.00839941504625206,0.969387537479659,0.0224238441934864,0.0079835269903629,0.907791723794361,0.0219393161388267,0.00882515336868357,0.972127905247302,0.0234666208786504
"28",3.87243903897523,1.90152657935424e-05,24.6089716924824,4.48733393914968,0.0290978967855667,29.0718277079028,3.96023073853032,0.00909992013106077,31.524521351359,3.96023214745411,0.0292415473035696,28.3321243498237,3.96023365052167,0.0176614163821395,30.1546937161357,3.94818191756955,0.0229183037153436,25.5706490080281,3.87243903897523,1.90152657935424e-05,24.6089716924824,3.96023214745411,0.0292415473035696,28.3321243498237,3.96023167403811,0.000800047887418448,33.5678143821583,3.96023214745411,0.0292415473035696,28.3321243498237,2.63629191616193,0.215888692573089,1.92605255118241,4.14306894606582,0.0437022597899434,30.4801069955992,2.63629191616193,0.215888692573089,1.92605255118241,2.63629191616193,0.215888692573089,1.92605255118241,4.14306894606582,0.0437022597899434,30.4801069955992
"29",2.60520608139123,33.8894305995321,3.51939406539208,2.71109748724202,40.9143741337829,0.01,2.55716841405759,35.8841578588565,5.24916081336003,2.46036323600529,43.3758944725281,3.97721256349427,2.30634132896575,36.3437942076567,4.28725125303756,2.69550325581554,14.8547589459864,0.01,2.41042381120586,36.5909817716125,3.77559776446868,2.61646850252068,35.8195649680054,2.71828509366608,2.69550325581554,14.8547589459864,0.01,2.47226693473443,36.6101754579936,0.01,2.56042011946631,39.6031063147816,2.9056269595885,2.72736913334441,27.4252114157805,7.31743372183503,2.71109748724202,40.9143741337829,0.01,2.55546355440684,34.9151732278673,2.58839567335495,2.30634132896575,36.3437942076567,4.28725125303756
"30",0,0,0.01,0.00199745767730854,1.50494820830854e-06,5.22783562026205,0.00209565740258682,0,5.12129839916302,0,0,0.01,0.00192545212883829,0,5.24325545978148,0.0020210601985012,5.70804755179776e-18,5.21537956326326,0.0019656232305201,0.0105392824963646,5.37274085129475,0.00434701121266288,0,4.04400332553,0.000992621079528899,0,6.48173326183967,0.00198112715631882,3.32592434453517e-06,5.24250899702193,0.00188929065751826,0,5.26317333764503,0,0,0.01,0.00199351099986761,0.000463015777155563,5.25413369809539,0.00207718405502884,0,5.51207786062757,0.00203699591182009,8.46282651014361e-07,5.20747612111707
"31",3.33566923044501,3.6577931992825,2.09926154287878,2.13434203730981,11.8236078850388,11.988883183771,2.48278998901639,24.9864040023775,20.5597715556915,2.68630975727694,35.9156041611642,26.9479610640439,2.78620420450375,0.00107170907784608,0.201935949045899,2.52119580153007,28.1687233237023,21.2138619689664,2.4257687126643,20.6194558745454,7.02124358919751,2.13434203730981,11.8236078850388,11.988883183771,2.51915770695554,17.9258175777682,7.41563819739035,2.55484954925707,0,0.01,3.33566923044501,3.6577931992825,2.09926154287878,3.00036813103969,3.57929520072101,2.45768946482624,4.2244540519563,5.56997614150877,0.01,2.13456162209363,5.76950040371063,6.92775168018617,4.2244540519563,5.56997614150877,0.01
"32",0.0151183318637144,0,0.257952503563944,0.014752337014385,0,0.01,0.0151183318637144,0,0.257952503563944,0.0265344242996542,0,0.01,0.0318567375827891,0,0.01,0.0303631723153415,0,0.01,0.0311867957723142,0,0.01,0.0329837606281413,0,0.334055315288656,0.014752337014385,0,0.01,0.0265308669709517,0,0.01,0.0265397727142059,0,0.01,0.0288072542418514,0,0.01,0.0265371126902516,0,0.01,0.026539849579674,0,0.01,0.0295965902475654,0,0.01
"33",0.00288391685321997,0.785592028216905,0.0127318200423383,0,1.00612329698404,0.01,0.00314351756532353,0.662084049258243,0.0129804197975463,0.00315571475265289,1.02721199803474,0.0129967596722145,0.00288883323263232,0.9569610435518,0.0127357264480758,0.00288617239095124,0.878337529354617,0.0127336278300582,0.00288481868284268,0.806448432160352,0.0127328276578435,0.00278317929788318,0.918831534203513,0.0126359219323878,0.00288464126235695,0.802292488616001,0.0127326327750545,0.00315329745724885,0.94477524235035,0.0129876031873962,0.00300864656175127,0.953407892678522,0.0128489171165418,0.00315571475265289,1.02721199803474,0.0129967596722145,0.00288776300382394,0.944768517962044,0.0127346578626524,0.00288868113804461,0.953701325220728,0.012735561485609,0.00288868113804461,0.953701325220728,0.012735561485609
"34",2.42444926666202,0.000767903755004212,20.5791398902071,2.2322437451108,0.0308756933800504,18.7990398747635,1.78018586396116,6.52886484892516e-05,18.8142489700968,1.89912177302011,1.35482616292778,16.658640543081,2.36688448926923,0,21.0521397698368,1.89912177302011,1.35482616292778,16.658640543081,2.55620703976935,4.1363610897682e-08,28.4541264279465,2.36688583864265,6.04258632060092e-06,24.1655849878612,2.36688310995441,6.03219341559191e-05,19.9454091757317,2.36688448926923,0,21.0521397698368,2.3159535248995,1.4199496396543,20.8562358909304,2.40942961910307,39.5145193979894,0.01,3.62820696689533,10.2957167391659,100,2.36681095936027,0.00213201486942574,20.4877338565894,2.36687560992068,0.0416932511515808,20.8414660607115
"35",0,1.06513696795799,0.01,0,1.18691803723533,0.01,0,1.21917245566695,0.01,0,1.18518989245465,0.01,0,1.23710006648901,0.01,0,0.889451470877019,0.01,0,1.00790130867168,0.01,0,0.889451470877019,0.01,0,1.21489863432921,0.01,0,1.12972284445873,0.01,0,1.11442799805107,0.01,0,1.23710006648901,0.01,0,1.06148419971765,0.01,0,1.29949313642365,0.01,0,1.2191724556665,0.01
"36",1.46137358626482,32.4501995333944,1.8786768828502,1.47328878927854,23.8169852098995,6.39614264571941,1.47328878927854,23.8169852098995,6.39614264571941,1.48513866335595,23.6576428265569,0.01,1.49942521908057,13.1438599722681,0.164509113118458,1.52975693193652,30.9591274380107,0.01,1.45549253739115,20.0432205933321,0.209200415276465,1.47437248978599,20.83160498353,0.691307495305458,1.50598060117839,27.789939820273,0.766731757283191,1.43164277643003,41.5057548897278,2.16677942264889,1.48946653620373,26.7652278633467,2.18315439053898,1.40154744647813,25.9532759248414,3.11632040513939,1.48513866335595,23.6576428265569,0.01,1.40054613630838,26.3027456163831,3.18155712513789,1.52095231777091,27.7903507873692,0.01
"37",1.95994995389734,0,0.01,2.1481168010289,8.70439901854191,19.2901049386943,4.0200968160929,0.000221283803838947,21.4897914026182,2.24718236759168,5.71079025228335,12.4712292457148,2.18749643146828,17.469065439634,34.00559864124,3.77241213260874,0.000101186174926212,22.6954715874484,2.24718236759168,5.71079025228335,12.4712292457148,2.08134248058308,0.00111691960691603,0.326082540370409,2.00861659540063,0.00120669056897319,0.375004220316699,2.20792358293214,10.2945207631781,21.9148209715774,3.77241659732138,0.00925919723110273,21.3356087291351,2.24718236759168,5.71079025228335,12.4712292457148,2.1279535991313,11.7478015849639,25.9503872135951,3.77241271690887,0.00817839027153669,20.1175244642849,3.77241647077654,0.0260592726166471,27.1093633123581
"38",0.206769599871654,0,0.01,0.185399462508969,0,0.01,0.265454970808626,0,0.01,0.223854786854169,0,0.01,0.203094867314736,0,0.01,0.236105050871177,0,0.01,0.1993910203016,0,0.01,0.210443307772072,0,0.01,0.206769650435287,0,0.01,0.206768458032461,0,0.01,0.201587173682326,0,0.01,0.159149654350351,0,0.01,0.20676747053381,0,0.01,0.19722043821788,0,0.01,0.206769576396609,0,0.01
"39",0.2007969798633,0.00163964581021949,0.0989971941334087,0.129368960743022,0.00107781348017277,0.157105258591998,0.129368960743022,0.00107781348017277,0.157105258591998,0.231839599129845,0.00154022037342292,0.0702843897797049,0.226769761363233,0.00147710029387652,0.0633598662611299,0.214650728698479,0.00160136655772478,0.111348205743388,0.208177309464983,0.000804492061282873,0.0872833949942152,0.224512682645461,0.00105990183471666,0.122878712581689,0.256341848635749,0.000801699686766503,0.0446096772534597,0.2007969798633,0.00163964581021949,0.0989971941334087,0.208177309464983,0.000804492061282873,0.0872833949942152,0.197721123927831,0.00182525390252335,0.0500444163640139,0.213198336559502,0.000951781747734506,0.101116347576578,0.197721123927831,0.00182525390252335,0.0500444163640139,0.224512682645461,0.00105990183471666,0.122878712581689
"40",0.0176102900828638,0.864561451681305,0.030000891480133,0.00183483608370165,0.00038577754271678,0.347249884648803,0.0185921293810218,0.99232941778296,0.01,0.0186175292039162,0.907277267802607,0.01,0.0159226937708644,0.312902261571831,0.220765360428403,0.0171450709775981,0.859309726319367,0.0300029277735822,0.0164672645630138,7.71023093380756,2.27866893050332,0.0137288046822095,7.87631494724089,9.43202738157079,0.00183483608370165,0.00038577754271678,0.347249884648803,0.0169429795075471,0.472855394340578,0.159050557200828,0.0145742250954112,12.8045873193544,11.8952023617478,0.00909635653270415,0.896833064941663,0.01,0.0208555706971454,0.899127833365755,0.01,0.00183483608370165,0.00038577754271678,0.347249884648803,0.0208555706971454,0.899127833365755,0.01
"41",0.0224841833614653,0.78834508109557,0.01,0.024709155822474,1.06070455998977,0.01,0.0261279085369046,0.740439795713713,0.01,0.0245011719454519,1.04362607572031,0.01,0.0225874731404558,1.09389913478093,0.01,0.0232354865720794,1.02937105726803,0.01,0.024709155822474,1.06070455998977,0.01,0.0246369904787367,1.0450296938203,0.01,0.0245695273839114,1.0415978180662,0.01,0.0245199824096609,0.970651071596278,0.01,0.0225926859538396,0.964617734719191,0.01,0.0261279085369046,0.740439795713713,0.01,0.0184911043986719,1.08451355546485,0.01,0.00635673887695407,1.05373495527551,0.019665894774762,0.00635673887695407,1.05373495527551,0.019665894774762
"42",0.00506227097567963,1.60359897285708e-09,0.36140492441632,0.00872713556013441,0,0.01,0.00872785694030061,0,0.01,0.00787152742154357,9.72025599251905e-12,0.270209474212066,0.00829382296839196,0.000393067170285841,0.984113319525024,0.00911703189497737,4.28195764202304e-09,0.3461436876136,0.00506227097567963,1.60359897285708e-09,0.36140492441632,0.00838749720925178,1.17539309987588e-10,0.277719580081627,0.00872783557887213,0,0.01,0.00925278053593989,0,0.01,0.00881824050306791,2.36616240180245e-10,0.299848914446178,0.00926173122636047,1.47126585922937e-06,0.512246734866028,0.00786603375397536,0,0.01,0.00925278053593989,0,0.01,0.0104202303976694,1.69749072914251e-09,0.327236184924204
"43",0.201084901191048,2555.16229285849,0.01,0.202492698563274,6412.43985186615,0.01,0.154003980826604,6812.95294088277,0.01,0.201084901191048,2555.16229285849,0.01,0.187866593851606,12418.5205290449,0.01,0.175841363531428,13880.298644516,0.01,0.197843916984196,5408.11584947387,0.01,0.194640721998211,3743.89254998971,0.01,0.168928608474142,7155.17885568367,0.01,0.192714747212893,5306.7912240799,0.01,0.193445812400376,5523.89596900249,0.01,0.194088077443205,9949.85663558185,0.01,0.202844582934662,5668.44792979434,0.01,0.177868743753281,6498.10499881055,0.01,0.192473904946939,10952.8365089538,0.01
"44",1.05226570101721,15.0302306903738,7.16362556405786,1.01334078116315,14.3531041474616,7.37242179171009,1.01848804696108,16.9155664579664,10.1250179997061,0.818488535538416,0.0014205361872293,0.0787607416233972,0.939879743233815,21.2546942968528,4.06163741231909,1.00611916936053,0.000407353598156062,0.0783608404938036,0.951190871985795,3.70034876025513,2.19786894743614,1.07051479210022,12.3765920004459,4.99366923933418,1.01900129620689,0.00089793124073978,0.0834014853251605,1.1711774486772,15.6435394800874,6.43544114139442,1.01900129620689,0.00089793124073978,0.0834014853251605,1.0646109615698,13.5514462818964,9.45838336847718,1.0646109615698,13.5514462818964,9.45838336847718,1.03035308532667,0.000564014102495078,0.118920244391663,0.922691597710596,4.36877283104056,2.18661111278697
"45",0.421045504532464,7458.38670212202,0.01,0.420875916685287,9058.19294556019,0.01,0.423337167724048,7294.30805451337,0.01,0.395540180290055,1529.39036069391,0.01,0.440894590186017,6468.32273024274,0.01,0.395540180290055,1529.39036069391,0.01,0.420875916685287,9058.19294556019,0.01,0.449595697534411,6824.70618608613,0.01,0.375411586938289,0.254777782411537,0.0379641115679848,0.427341252240188,6551.99753076106,0.01,0.421365785257983,1382.64526778932,0.01,0.424330841656687,8721.15035306839,0.01,0.439146126411361,5804.83982760389,0.01,0.440894590186017,6468.32273024274,0.01,0.414811580025728,6939.17467851792,0.01
"46",0.0204511545120595,0.00113311707782436,0.814878466057385,0.0226616254451487,0.00133226402344335,0.795426571202898,0.0209571982950615,0.00152976253644234,0.786523099675546,0.0216993178832547,0.00139730461278652,0.805728931567248,0.020899143678113,0.00161024588953989,0.782335749777754,0.0227815524414834,0,0.579283485886407,0.0227815524414834,0,0.579283485886407,0.0209321716779124,0.00180512705897228,0.785560140243107,0.020968440960598,0.00145545530855565,0.787342848731492,0.0226890851273253,0,0.01,0.0205256226656982,0,0.01,0.0167454025329975,0.000109485567500807,0.657326178874792,0.0205256226656982,0,0.01,0.0207914572208273,0.000176974696789461,0.688388905265654,0.0224596879699884,0.00027131023511638,0.671247542399911
"47",0.286691291976005,0,0.0957788862515008,0.282015090969026,0,0.140146978995596,0.282012978327535,0,0.140150284730886,0.279341766053315,0,0.125113320127699,0.282013461293931,0,0.140151283741698,0.280947849125204,0,0.215019095941169,0.271255640228317,0,0.531781404073332,0.287410056899001,0,0.0931107062983631,0.282012982083445,0,0.140146340859591,0.291154132389485,0,0.0120709827809606,0.278734213447872,0,0.0951336347244846,0.28201378634207,0,0.140152393433418,0.312600842666359,0,0.499422939884879,0.262837783728388,0,0.01,0.277430541892275,0,0.114318591958086
"48",0.315142713161553,178.992676916387,0.01,0.311946867409517,143.329494270235,0.01,0.297328183456239,522.285424756911,0.01,0.315349174725439,866.530732040322,0.01,0.302689097478839,3604.16769282915,0.01,0.311835958777029,3019.09219099292,0.01,0.274623974684688,1833.30440916237,0.01,0.307072089562079,3844.71165575891,0.01,0.317742190040992,135.159536123757,0.01,0.309412026737608,4212.83734922205,0.01,0.287515213658265,127.266317170852,0.01,0.309412026737608,4212.83734922205,0.01,0.296144728201043,821.184510981323,0.01,0.301669417822979,1145.64231397314,0.01,0.274623974684688,1833.30440916237,0.01
"49",0.0613307565339066,0.000776927613660988,0.116498845442225,0.085008361032564,0.000969124233468543,0.0863520927237509,0.0829964711842459,0.00101025152195109,0.0812866890588931,0.0840370859768033,0.00147336773505463,0.0776693784192454,0.0869151651619635,0.00151202693137538,0.0980029311055217,0.0866951343556343,0.00168609597642044,0.0806024628239545,0.0752084525867621,435.380588759382,0.01,0.101703348080014,0.000996658366221555,0.0416998994545078,0.0975338955380583,0.000933606897064969,0.0704868079983194,0.0849992640112429,0.00159235573534237,0.0879997667116882,0.088165633287661,0.00159757201562445,0.0782365439769048,0.0613307565339066,0.000776927613660988,0.116498845442225,0.0700838503920598,0.00139330316063293,0.106122250944459,0.0898127666280937,0.00104327222937262,0.0713460337750533,0.0873404170492176,0.00228875692013386,0.153728510420869
"50",0.52576152812089,0,2.61128753702895,0.713594800203563,0,3.20760389328468,0.772189330886642,0.0147910559947706,0.984254718934355,0.604595056704967,0,2.86454695795645,0.671088152916454,0,3.7151680109235,0.568390360615415,0,3.25303441657163,0.52576152812089,0,2.61128753702895,0.604595947193805,0,2.86455237534652,0.474595256197583,0,2.98945487246773,0.604595118697181,0,2.86454721867593,0.604595120571192,0,2.86454705362835,0.568390360615415,0,3.25303441657163,0.604595120571192,0,2.86454705362835,0.565387277233389,0,2.83864086133215,0.59698675626345,0,2.84042032670513
"51",0.126830908085597,8.19758242901771e-07,2.0406051599836,0.120540028995666,0.0129105165079688,1.84484409484268,0.130702657117357,44.4789946871535,100,0.141834372519404,0.0126711814897867,1.67565170091341,0.129443613802166,0.0123000928896408,1.76775025866393,0.120542013576055,0.01312038682185,1.84563739086095,0.124164823230854,0.0436835182836204,2.204488640739,0.111284722492943,0,0.01,0.122151018133488,0.00141338336337774,1.75596703860991,0.120947971856412,0,1.78987399167406,0.120540028995666,0.0129105165079688,1.84484409484268,0.125142101273398,0,1.7548669607178,0.120543271734984,0.0144662822463107,1.85102689408847,0.086351381386225,0.018506844897702,2.24333034879776,0.114255896530708,0.0226735788960624,2.00256044553995
"52",0.00870424617895049,1.38443390977928,0.01,0.00910863980555413,1.03391344530855,0.0244360820622203,0.00849333303225633,1.32515943707053,0.01,0.00777786231161004,1.39513700611225,0.01,0.00913792933447256,1.37051598243815,0.01,0.00889738467204869,1.39475297554084,0.01,0.00786387857819898,1.3202078191119,0.01,0.00502112859335691,1.19564512356085,0.0188634277267435,0.00915919161303107,1.17988377363693,0.01,0.00504368211175927,0.32204753621742,0.336347479975988,0.00786387857819898,1.3202078191119,0.01,0.00777786231161004,1.39513700611225,0.01,0.00963341867561459,1.07294250820976,0.01,0.00914856250852732,1.26821683595041,0.01,0.00963341867561459,1.07294250820976,0.01
"53",0.00301767124674096,7.1363675915528e-08,0.445953867442764,0.00358358459783614,0.00114335965254258,0.929557935936845,0.00305409467483065,0.0099584000463175,1.43651919544997,0.00361520064291427,0.00135689237536226,0.928006340756364,0,0,0.01,0.00299006056550811,0.00501310335919608,1.22769257756462,0.00350053084783904,3.8830355248479e-08,0.373054277769146,0.00419543744036333,0.0164455967676463,1.52437409373731,0.0031009386427979,0.00942218547632504,1.41958646621705,0.00329494586261823,0.0069762875697693,1.11568782893713,0.00301374747449533,0.00278439048279312,1.10481433698802,0.0031009386427979,0.00942218547632504,1.41958646621705,0.00350053084783904,3.8830355248479e-08,0.373054277769146,0.00257471881535098,0.00667301932398152,1.28549027623534,0.00296808400060723,0.00994171943710625,1.43291047317925
"54",0,0,0.723419040655842,0,0,0.653209314423895,0,0,0.561538155208181,0,0,0.556122934384557,0,0,0.58094009594389,0,0,0.723419040655842,0,0,1.05997610850645,0,0,0.953297973664703,0,0,0.58094009594389,0,0,0.564276779764769,0,0,0.794827529780192,0,0,0.560992875787107,0,0,0.554096218907508,0,0,0.801649360602622,0,0,0.583479473355505
"55",0.17286314572967,0,0.638362869344126,0.207121650310873,0,0.01,0.232275486298761,0,0.01,0.238953242231741,0,0.01,0.232275378800391,0,0.01,0.247618109840878,0,0.01,0.264613583939354,0,0.01,0.236254844539276,0,0.01,0.241391915816273,0,0.01,0.232275509590493,0,0.01,0.232275145408345,0,0.01,0.232275448575097,0,0.01,0.232981422753682,0,0.01,0.264613583939354,0,0.01,0.263609411944399,0,0.01
"56",0.352029462839295,0.000705044311065534,0.341021532509859,0.381226339797677,0.00101922847580377,0.349145859441471,0.40310500531361,0.000758193026516826,0.307744941742857,0.352029462839295,0.000705044311065534,0.341021532509859,0.386695427978935,0.00101570437574296,0.276039684635093,0.392939110842732,0.000947511957713297,0.328942721131067,0.411276637029219,0,0.01,0.396547933685547,0.000751852077495769,0.342116624581943,0.408976071711002,0.000985728426821722,0.335836698233173,0.408976071711002,0.000985728426821722,0.335836698233173,0.446696001979873,0.00120183046783017,0.376779519650088,0.446696001979873,0.00120183046783017,0.376779519650088,0.307273991328861,0.001051728926933,0.379772488002329,0.375137163069524,0,0.01,0.394179969462282,0.000584131436422445,0.30475943483789
"57",0.671011022963246,0,0.01,0.634501976608056,0,0.01,0.600345240683583,0,0.01,0.671548899241508,0,0.01,0.660606148890412,0,0.01,0.673488393824468,0,0.01,0.794795223518773,9.49016994216925,25.821043411259,0.683198517875378,0,0.01,0.740645915119329,8.45044266274698,20.3979854165924,0.676388027452202,0,0.01,0.743731948582384,9.24721865254462,23.3902710822482,0.65727400759267,0,0.01,0.660606037114574,0,0.01,0.660605935305922,0,0.01,0.65727400759267,0,0.01
"58",0.198202519184355,0.0284375020921644,2.03784255188973,0.150338376766879,0,2.17131097452878,0.174703817720033,0,2.03116949929515,0.0995571987296102,0,2.75615392129424,0.1503270341875,0.000401549851730964,2.17349325049857,0.159189816682019,17.7730858362226,99.9986264321443,0.161575363645987,0,2.85101068794488,0.168456851223116,0,1.84099213137848,0.174703817720033,0,2.03116949929515,0.150338429236056,0,2.17131492138355,0.175972113009802,0.0226862791366618,1.78993895883469,0.150338348272053,0,2.17131089486918,0.159189816682019,17.7730858362226,99.9986264321443,0.150338353514682,0,2.17130904355446,0.0832505065862437,0.0600183151846288,2.60826222001116
"59",0.142853156065158,68.9183999188947,0.01,0.140399346573282,952.207724010111,0.01,0.15054477383335,114.452881171916,0.01,0.139125854700038,106.415746749473,0.01,0.142842029129724,267.369499263638,0.01,0.146632656228383,5129.24815747631,0.01,0.139125854700038,106.415746749473,0.01,0.142842029129724,267.369499263638,0.01,0.142888435015677,749.939124652951,0.01,0.146632656228383,5129.24815747631,0.01,0.146093774399466,0.379344830750677,0.0448757375367331,0.113471604652537,3783.11374690098,0.01,0.118862248941795,0.392318607403775,0.0997148487972383,0.14186980144972,1910.56636714477,0.01,0.137641845772553,0.468792109873892,0.01
"60",0.0916458175164021,0.100541995023001,0.480192773016813,0.0911738673323402,0.0176687063687971,0.299286717750343,0.0898832367986794,0.00270039160953053,0.195286679962344,0.0915293844230607,0.0197262939687976,0.263263718807469,0.0903798738730149,1.44155748029586,2.21903781993994,0.0967555736959346,0.00308494327033703,0.104391606738726,0.0999799431940293,0.00432077058285364,0.174019920404212,0.0916089021717371,0.00933073017108198,0.216500018789419,0.0756146822606756,0.00697832156494537,0.249035617036246,0.0901190150956159,2.65972076263317,2.28402340797867,0.082947585033766,0.00528388156527575,0.214761911109076,0.102163227969259,0.0282926355504361,0.250207828003669,0.0999799431940293,0.00432077058285364,0.174019920404212,0.0999799431940293,0.00432077058285364,0.174019920404212,0.0999799431940293,0.00432077058285364,0.174019920404212
"61",0.0301438391789005,2535.37796960652,0.01,0.0310457228757377,209.358544339837,0.01,0.0290135123968758,5105.15318776681,0.01,0.0293126254398063,2661.96366653082,0.01,0.0327730482641409,4801.3028557497,0.01,0.00277415240966073,1.11969989700328,0.0126255978846685,0.030897530622725,59.7350050096056,0.01,0.0327726426772954,2956.63761710567,0.01,0.0319437898952064,1774.09981647245,0.01,0.032656684011763,5087.94868623085,0.01,0.00277415240966073,1.11969989700328,0.0126255978846685,0.0310497540037971,3379.80764941548,0.01,0.0318024780617485,0.980653035082287,0.01,0.0308982567986538,3384.3150555952,0.01,0.0318828524560653,1.03164179550725,0.01
"62",0.0200712849585599,0.722037963756854,0.102099469366701,0.0215727018752806,0.852028368522571,0.049293060827947,0.0168749144506097,0.572368119886703,0.222879758574136,0.0168749144506097,0.572368119886703,0.222879758574136,0.022873363159967,0.733902690309423,0.0877998241353125,0.0181993445858326,0.540064108998315,0.158485373061164,0.0199562667290083,0.936752754752375,0.01,0.0209799999101301,0.476184962166225,0.180083774212773,0.0208008710486827,0.827738892167509,0.0817711992673449,0.0181993445858326,0.540064108998315,0.158485373061164,0.0207044972418402,0.594354903758917,0.138328313901218,0.0204466709351422,233.506527257768,0.01,0.019807067925168,0.892759339122012,0.01,0.0168749144506097,0.572368119886703,0.222879758574136,0.0208912462572071,0.446492928757021,0.169285042010796
"63",0.835146097787701,13.2756072185259,15.4018667328346,0.808887155413022,0,0.01,0.808887155413022,0,0.01,0.808887155413022,0,0.01,0.808887155413022,0,0.01,1.01543003692251,0.563755799259044,2.26618965176218,0.793793170888475,6.73760887576533,9.2818792302899,0.793793170888475,6.73760887576533,9.2818792302899,0.741682153972417,0,0.01,0.832524030378552,18.6888143733765,25.7212130632427,0.855569776985668,18.1703716545452,24.0275302094062,0.843195948131104,0.00100794477645095,0.27044636599351,0.852743672727167,7.92969089558404,10.684904299016,0.791627671330398,0.000971420906683255,0.32379145806604,0.769765586170932,0.00100814300233869,0.282868292173048
"64",0.389515160258287,0.259201425751616,0.0206291158085223,0.327372371704797,0.260852220703916,0.024202195394298,0.327372371704797,0.260852220703916,0.024202195394298,0.421150426508652,2092.43660061608,0.01,0.383234411119602,897.484820155512,0.01,0.431383610926579,240.389664708827,0.01,0.421246873674085,0.00163617886259853,0.0123424491348763,0.413540670266329,251.472259904079,0.01,0.346046026979568,0.00133907778785803,0.0313074387837371,0.390954674173476,0.00218213647271326,0.0435731065008894,0.401363866158718,0.00806343237826226,0.01,0.327372371704797,0.260852220703916,0.024202195394298,0.396385266216793,0.983971736431072,0.01,0.407664848232744,803.853253881829,0.01,0.395556191946259,125.09193601015,0.01
"65",0.00745725628018666,0,0.66579315382314,0.00473759651152301,0,0.611698418897697,0.00506155318383937,0,0.657718654690287,0.00346157445631042,0.00209256760813721,1.8343322527125,0.00346157445631042,0.00209256760813721,1.8343322527125,0.00387831089744254,0,1.98801497602952,0.00477839143735479,0,0.61453761564936,0.00387831089744254,0,1.98801497602952,0.00499060532473452,-2.77555756156289e-17,0.577702274113184,0.00474726906046258,0,0.628294947753723,0.00745725628018666,0,0.66579315382314,0.00745725628018666,0,0.66579315382314,0.00496302121779151,0,0.594904608061559,0.000670539830873814,-2.77555756156289e-17,0.582172288366177,0.00612927858891503,0,0.624571280429507
"66",0.285089177896714,0,0.150893144116678,0.311272678216297,0,0.01,0.326341886097932,1.51475944037154e-05,0.529806043491477,0.318382919498295,0,0.22885778614826,0.285088975159003,0,0.150890250350531,0.233237524184301,0.0453282985941237,1.69543320999094,0.237048044867428,0,0.01,0.300235474997182,0,0.187433616713848,0.285088998753636,0,0.150891195062815,0.33016358461323,0,0.327482618157776,0.285089662761758,0,0.150894324030692,0.285089177896714,0,0.150893144116678,0.251703910816535,0,0.01,0.256314856306473,0,0.387557513782486,0.296108971199182,0,0.0192064495948901
"67",0.038031232757973,0,1.6049500475253,0.041983003650724,0,1.64002945155351,0.0398287773336883,0,1.52597328793775,0.0398274617596006,0,1.52609813585429,0.0465217466276272,0,1.31978063339,0.0443154291407088,0,2.02432546211233,0.0398234543165323,0,1.52593258179522,0.03981535048785,0,1.52637005456691,0.0417110299765465,0,1.48109347157798,0.0292986326482636,0,0.770158128672085,0.0452611859575643,-2.77555756156289e-17,1.27583087936682,0.0290292788338227,0,1.84802223351004,0.0398278175060751,0,1.52608122062286,0.038031232757973,0,1.6049500475253,0.0292986326482636,0,0.770158128672085
"68",0,0,0.01,0,0,0.01,0,0,0.01,0,0,0.01,0,0,0.01,0,0,0.01,0,0,0.01,0,0,0.01,0,0,0.01,0,0,0.01,0,0,0.01,0,0,0.01,0,0,0.666983270154884,0,0,0.01,0,0,0.01
"69",0.00363786226265629,0,0.01,0.00353247312702379,0,0.01,0,0,0.682096150155857,0.0030359748844666,0,2.52309579446364,0.00356086193281274,0,0.01,0.00485620832605543,0,0.01,0.00485620832605543,0,0.01,0.00406219348452277,0,0.01,0.00368895583775387,0,0.01,0.0030359748844666,0,2.52309579446364,0.00358572880733166,0.00130320866650635,1.70099394282587,0.00363250730786593,0.000942450008092661,1.61257101885506,0,0,0.682096150155857,0.00344491129276685,0,1.85074124126255,0.00405793048781017,0,0.01
"70",51.1732217275608,0,0.01,64.8510957167661,0,0.0206272678616802,64.8433842798976,0,0.0166530500992502,61.8426832016542,0,0.01,55.0013238577504,0,1.67990645768968,58.0923787529087,0,0.0190867009595162,3392.42694991198,0,0.01,64.850041167719,0,0.0194387726914726,49.761334910237,0,0.330508809242287,64.8472645805212,0,0.017923024194741,64.850722564489,0,0.0157212613648446,59.518589127232,0,0.0187659937823472,49.761334910237,0,0.330508809242287,60.8638143633236,0,0.0171895765701873,51.1732217275608,0,0.01
"71",0.0129179687892212,1.21074270500222e-08,0.357766403859403,0.0195177596244047,0.0405206148066041,1.98925478171879,0.0190226920773257,0.00270872425539519,1.05537804182504,0.0186267898691369,0.000359973043642179,0.822227855801496,0.0211289088008621,0.00506188502653637,1.16551815568009,0.0176280798370928,0.00160879739989734,0.930740588000226,0.0176551096522025,0.00175755515343872,0.936412895456915,0.0176300756113938,0.00156014747277106,0.945133166701814,0.0209538416183085,5.34535341159955e-08,0.360287580661387,0.0175849892491438,0.00143969647267801,0.896769565923304,0.0176050997939767,0.00194045896314193,0.964020736773979,0.0019923072028846,0.538688032877941,11.2060292097945,0.0179994378080695,0.00875636947436508,1.34185517661205,0.0129179687892212,1.21074270500222e-08,0.357766403859403,0.0175921044679436,0.00212577738551232,1.48241954792722
"72",0.0749274377185428,0,0.01,0.138180217081993,0,0.01,0.15400375378277,0,0.01,0.132132751011096,0,0.01,0.0749274377185428,0,0.01,0.113712191097203,0,0.01,0.142587707981218,0,0.01,0.132133770490354,0,0.01,0.0749274377185428,0,0.01,0.132133769338761,0,0.01,0.147806656889104,0,0.01,0.132133770490354,0,0.01,0.145554210026068,0,0.01,0.132133770767945,0,0.01,0.147972139704215,0,0.01
"73",2.41858631975128,7.06553698840585,18.3515423039394,2.67278992234464,0,0.01,2.70264578839725,10.8588423373082,29.4255171719527,2.91934017133266,1.75398783574213,7.54900342348704,2.62041368372552,9.94730994876275,26.1045608220099,2.62397068017908,0,0.01,2.57478425349201,0,0.01,2.59349701791933,14.3934961734143,32.7276069349548,2.6072550987928,0.000984253116451766,0.427419052801143,2.67278992234464,0,0.01,2.62041368372552,9.94730994876275,26.1045608220099,2.91934017133266,1.75398783574213,7.54900342348704,2.56029520064017,0,0.01,2.61956975889834,1.00616217063684e-24,0.062778292186772,2.2489909078429,0.00142206139320743,0.578236160534166
"74",868505.71349359,6237.15900662441,0.01,3197594.92271589,549333.566577598,0.01,3197594.92271589,549333.566577598,0.01,2139930.76205608,1616557.03532492,0.01,4246404.53683158,1056844.61454828,0.01,981229.771733033,2882922.58913584,0.0100002932075249,1152206.61439078,1523610.44562689,99.9999986627634,258709.622741457,2.04382755734216,99.9540662012702,258709.622741457,2.04382755734216,99.9540662012702,1012238.40093815,2316991.55891502,100,1849100.16022549,2035.42051308364,0.01,1010248.57987387,633963.883207766,0.01,4246404.53683158,1056844.61454828,0.01,469883.647894613,100353.034351201,0.01,4246404.53683158,1056844.61454828,0.01
"75",0.111707174331983,1317.52090852789,0.01,0.125475981888984,2422.13045003527,0.01,0.125475981888984,2422.13045003527,0.01,0.125475981888984,2422.13045003527,0.01,0.10679803843984,4140.19382835541,0.01,0.0993195113544222,2229.63243142373,0.01,0.107793946293097,764.557247369423,0.01,0.0964853249982642,2086.21395728393,0.01,0.0952437386389327,748.773921950238,0.01,0.104986667318615,226.675927966771,0.01,0.101648695174424,4384.73410781431,0.01,0.0964853249982642,2086.21395728393,0.01,0.106011522933452,3130.95238421626,0.01,0.0993195113544222,2229.63243142373,0.01,0.103496691252299,2046.85986766375,0.01
"76",0.0749068966653984,0.00208428192554621,0.157468972847592,0.0613727441283607,0.00139883836851177,0.0859229888794313,0.0975015433724834,0.00211308941584265,0.122421861880516,0.0843347468857008,0.00186829671264439,0.129282120158722,0.0929660553260145,0.00200869747551145,0.147415702275906,0.0822917898936459,0.00159220601626896,0.119813460822408,0.0981746542338962,0.00172812745433653,0.172662981180884,0.0929660553260145,0.00200869747551145,0.147415702275906,0.0364115208374104,0.00282336898194036,0.267331450011642,0.0907384453241049,0.00127686097241608,0.138708419771302,0.086370323882858,0.00203769786848793,0.137058927477086,0.0941448074492968,0.00203540534291808,0.126128071330919,0.0981746542338962,0.00172812745433653,0.172662981180884,0.098392858558129,0.00220175550768801,0.122440796289891,0.0830188951034331,0.00131645872930663,0.153969410798981
"77",0.327539812045913,0,0.01,0.327540341974828,0,0.01,0.410024543548695,0,0.01,0.445613623137079,0,24.347058143726,0.294404944237714,0,0.01,0.345991085534547,0,0.01,0.327540300857128,0,0.01,0.28819978047069,0,0.01,0.327538804488201,0,0.01,0.326039021319659,0,0.01,0.311631249702987,0,0.01,0.358834458980317,0,0.01,0.305646101986434,0,0.01,0.321266133662358,0,0.01,0.327538691307869,0,0.01
"78",159435.578641977,316638.614757402,0.01,314568.680889351,156.51845416307,0.01,275067.697098123,263328.579401473,0.01,49.2321867903369,342.361368231202,0.01,224484.608424144,456658.551043002,0.01,845351.439924912,0,0.01,4411.86963324056,17.1322763567889,0.01,542683.276137119,111858.815995459,100,219.000007613224,509.430959778217,0.01,127.580283685799,267.32653409535,0.01,542683.276137119,111858.815995459,100,857712.373179909,1110.08795659232,0.01,720394.062614801,17685.6752862812,0.01,4411.86963324056,17.1322763567889,0.01,252925.834512963,312709.273102251,0.01
"79",0.327427151499216,0,0.01,0.302611937833521,0,0.01,0.302611746679215,0,0.01,0.302612055931455,0,0.01,0.249333980033131,0,0.56056826600458,0.330490981859467,0,0.01,0.302612023305012,0,0.01,0.294152656018766,0,0.01,0.304847817077856,0,0.01,0.293754725693893,0,0.01,0.307958076062231,0,0.01,0.28483804831275,0,0.01,0.302612051492739,0,0.01,0.28483804831275,0,0.01,0.312875617306937,0,0.01
"80",0.416952447603696,3.5551036426427,11.0525735392506,0.353685720740534,7.80121711070865e-07,0.28195506395798,0.331083722433878,4.2755397202342,12.1831877685443,0.366761291899307,8.80587914175488,23.117353582507,0.362646963227167,64.7865332652387,100,0.368566907440583,2.35771169220793,7.06071793031278,0.377656284412763,38.0862431018516,100,0.366538882715746,0.00285999908413979,0.377472314917715,0.392685431306028,3.07644257063936,8.70785949661492,0.392685431306028,3.07644257063936,8.70785949661492,0.331083722433878,4.2755397202342,12.1831877685443,0.362646963227167,64.7865332652387,100,0.368057928162091,7.84951910372888,20.8432933520261,0.360355517979585,0.00252568077905869,0.404239532598903,0.326846899747486,0.00193865219376278,0.391554124355578
"81",0,1.78075100807987,0.01,0,1.67600655046398,0.01,0,1.78347501824219,0.01,0,1.47227980399616,0.01,0,1.77719301087191,0.01,0,1.63574534540617,0.01,0,1.1499979842844,0.01,0,1.76661200497601,0.01,0,1.79142675289203,0.01,0,1.78601849974895,0.01,0,1.63028302132154,0.01,0,1.78075100807985,0.01,0,1.70505076430108,0.01,0,1.1499979842844,0.01,0,1.61417233237372,0.01
"82",0.893425473195304,0.00226981620765429,0.159423529507105,0.724784262036015,22.9308257053838,32.9166870247039,0.761980428067589,10.4233860427276,14.7294223963506,0.749175910560619,11.5849984684892,13.4004564256014,0.663404396244524,15.8770671003125,22.3811518493632,0.724784262036015,22.9308257053838,32.9166870247039,0.663404396244524,15.8770671003125,22.3811518493632,0.781171342117884,10.5957511466207,13.7334874812783,0.753069295178282,19.9428569705559,25.9955004119573,0.763234916531008,21.4844274671601,27.9403517291925,0.757824217002895,23.8772963222446,31.0210383514237,0.748342256116212,0.00152183579841565,0.267071054420983,0.748584013352116,11.8047665407003,14.1783157262486,0.703258165891841,20.0351838741769,28.6827822171509,0.760054615866665,12.970023526626,17.1887932131994
